,job_id,pars,token_id
0,cskarxkp1vzg008a2dvg,[],SJA
1,cskas1mp1vzg008a2dwg,[],KJA
2,cskas5cvnxy0008d4b90,[],IR
3,cskas9dp1vzg008a2dxg,[],PAS
4,cskase53fxq0008c7d1g,[],KST
5,cskaskeea560008f6fpg,[],MTO
6,cskasq61k2e0008nwwg0,[],RPU
7,cskaswfvwqp0008asqv0,[],ECZ
8,cskat20vnxy0008d4bbg,[],BGL
9,cskat7r1k2e0008nwwkg,[],IGL
10,cskatd9vnxy0008d4bd0,[],PST
11,cskathjp1vzg008a2e3g,[],AST
12,cskatntvnxy0008d4be0,[],JMU
13,cskatvbvnxy0008d4bf0,[],MBI
14,cskav0m3fxq0008c7d90,[],ABB
15,cskav54p1vzg008a2e60,[],ABU
16,cskavaxp1vzg008a2e70,[],EBB
17,cskavfdvwqp0008asr20,[],HSA
18,cskavkeea560008f6fx0,[],KSA
19,cskavqy1k2e0008nwwr0,[],SGG
20,cskavvzvwqp0008asr30,[],DS
21,cskavzz1k2e0008nwwrg,[],JST
22,cskaw40ea560008f6fyg,[],FST
23,cskaw81vnxy0008d4bng,[],IST
24,cskawc1vwqp0008asr60,[],JGL
25,cskawgjp1vzg008a2ea0,[],SJA
26,cskawmjea560008f6g00,[],KJA
27,cskawrv3fxq0008c7dm0,[],IR
28,cskawwvp1vzg008a2ebg,[],PAS
29,cskax14ea560008f6g10,[],KST
30,cskax5wvwqp0008asr90,[],MTO
31,cskaxb51k2e0008nwwx0,[],RPU
32,cskaxex3fxq0008c7dr0,[],ECZ
33,cskaxk63fxq0008c7dtg,[],BGL
34,cskaxq6p1vzg008a2ed0,[],IGL
35,cskaxv71k2e0008nwwzg,[],PST
36,cskaxz7ea560008f6g6g,[],AST
37,cskay30ea560008f6g80,[],JMU
38,cskay78p1vzg008a2ef0,[],MBI
39,cskaybsvnxy0008d4c2g,[],ABB
40,cskayf9vwqp0008asrag,[],ABU
41,cskayk21k2e0008nwx40,[],EBB
42,cskaypjea560008f6gb0,[],HSA
43,cskayvb1k2e0008nwx5g,[],KSA
44,cskayz3vwqp0008asrd0,[],SGG
45,cskaz34vnxy0008d4c80,[],DS
46,cskaz6wvnxy0008d4c90,[],JST
47,cskazbdp1vzg008a2ej0,[],FST
48,cskazex3fxq0008c7e6g,[],IST
49,cskazkyp1vzg008a2ejg,[],JGL
